[{"id":"Level_1-gemma3:27b-it-q4_K_M","name":"Level_1-gemma3:27b-it-q4_K_M","object":"model","created":1763609086,"owned_by":"ollama","ollama":{"name":"Level_1-gemma3:27b-it-q4_K_M","model":"Level_1-gemma3:27b-it-q4_K_M","modified_at":"2025-11-19T21:54:51.361744037-05:00","size":17396936941,"digest":"a418f5838eaf7fe2cfe0a3046c8384b68ba43a4435542c942f9db00a5f342203","details":{"parent_model":"","format":"gguf","family":"gemma3","families":["gemma3"],"parameter_size":"27.4B","quantization_level":"Q4_K_M"},"connection_type":"local","urls":[0]},"connection_type":"local","tags":[],"user_id":"1d4e3c31-4cf1-473d-8066-13d63d08c766","base_model_id":null,"params":{"temperature":1.1,"max_tokens":10240,"top_k":0,"top_p":0.95,"min_p":0.03,"repeat_penalty":1.2,"num_ctx":90000},"meta":{"profile_image_url":"/static/favicon.png","description":null,"capabilities":{"vision":true,"file_upload":true,"web_search":true,"image_generation":true,"code_interpreter":true,"citations":true,"status_updates":true},"suggestion_prompts":null,"tags":[]},"access_control":{"read":{"group_ids":[],"user_ids":[]},"write":{"group_ids":[],"user_ids":[]}},"is_active":true,"updated_at":1763608001,"created_at":1763608001}]