[{"id":"Level-1-gemma3_27b_abliterated:Q4_K_M","name":"Level-1-gemma3_27b_abliterated:Q4_K_M","object":"model","created":1763609086,"owned_by":"ollama","ollama":{"name":"Level-1-gemma3_27b_abliterated:Q4_K_M","model":"Level-1-gemma3_27b_abliterated:Q4_K_M","modified_at":"2025-11-19T21:56:06.579419518-05:00","size":17397212236,"digest":"069706b871b1c7527d79215583eb1ffabf0c5d1eb914a04afeb09dd97b5a8656","details":{"parent_model":"","format":"gguf","family":"gemma3","families":["gemma3"],"parameter_size":"27.4B","quantization_level":"Q4_K_M"},"connection_type":"local","urls":[0]},"connection_type":"local","tags":[],"user_id":"1d4e3c31-4cf1-473d-8066-13d63d08c766","base_model_id":null,"params":{"temperature":1.1,"max_tokens":10240,"top_k":0,"top_p":0.95,"min_p":0.03,"tfs_z":1.2,"num_ctx":90000},"meta":{"profile_image_url":"/static/favicon.png","description":null,"capabilities":{"vision":true,"file_upload":true,"web_search":true,"image_generation":true,"code_interpreter":true,"citations":true,"status_updates":true},"suggestion_prompts":null,"tags":[]},"access_control":{"read":{"group_ids":[],"user_ids":[]},"write":{"group_ids":[],"user_ids":[]}},"is_active":true,"updated_at":1763608692,"created_at":1763608692}]